{"semantic_50": {"faithfulness": {"raw": [1.0, 0.4166666666666667, 0.7777777777777778, 1.0, 0.7222222222222222, 0.1428571428571428, 0.4, 0.25, 1.0, 1.0, 0.0, 0.5555555555555556, 0.6666666666666666, 0.0, 0.7, 0.75, 0.7272727272727273, 1.0, 0.2307692307692307, 0.4285714285714285, 0.9090909090909092, 0.5555555555555556, 0.0, 0.2857142857142857, 0.75, 0.4375, 0.1, 0.0, 0.2727272727272727, 0.6, 0.4444444444444444, 0.25, 0.7, 0.3333333333333333, 0.2857142857142857, 0.8888888888888888, 0.4285714285714285, 0.8, 1.0, 0.5555555555555556, 0.0, 0.3, 0.75, 0.6666666666666666, 1.0, 0.5, 1.0, 0.6666666666666666, 1.0, 1.0, 0.75, 1.0, 0.5, 0.2, 0.75, 0.3333333333333333, 0.75, 0.4285714285714285, 1.0, 0.6666666666666666, 0.6666666666666666, 1.0, 1.0, 0.4285714285714285, 1.0, 0.6923076923076923, 0.4444444444444444, 0.5, 1.0, 1.0, 1.0, 1.0, 1.0, 1.0, 1.0, 0.0, 0.4, 0.2307692307692307, 0.8, 0.75, 0.7142857142857143, 0.4545454545454545, 0.6666666666666666, 0.5, 0.5714285714285714, 0.6, 0.625, 0.3333333333333333, 0.3333333333333333, 1.0, 0.5714285714285714, 1.0, 1.0, 1.0, 1.0, 0.6666666666666666, 0.0, 0.8, 0.4444444444444444, 0.125, 0.4444444444444444, 1.0, 1.0, 0.8888888888888888, 1.0, 0.5789473684210527], "avg": 0.6307408779293089}, "context_precision": {"raw": [0.9999999999, 0.8041666666465626, 0.0, 0.99999999995, 0.9999999999666668, 0.0, 0.249999999975, 0.99999999995, 0.0, 0.8333333332916666, 0.0, 0.999999999975, 0.99999999998, 0.7499999999625, 0.6999999999766667, 0.9999999999666668, 0.0, 0.7499999999625, 0.6388888888675925, 0.99999999995, 0.94999999997625, 0.0, 0.0, 0.0, 0.0, 0.0, 0.9999999999, 0.0, 0.9999999999666668, 0.0, 0.0, 0.249999999975, 0.0, 0.99999999995, 0.9999999999, 0.99999999995, 0.99999999998, 0.0, 0.5833333333041666, 0.0, 0.0, 0.49999999995, 0.99999999995, 0.249999999975, 0.999999999975, 0.0, 0.9999999999666668, 0.6388888888675925, 0.99999999995, 0.3333333333, 0.499999999975, 0.9999999999, 0.9999999999, 0.0, 0.9999999999, 0.9999999999, 0.9999999999, 0.3333333333, 0.9999999999666668, 0.6388888888675925, 0.19999999998, 0.0, 0.9999999999, 0.0, 0.9999999999, 0.0, 0.0, 0.9999999999, 0.3333333333, 0.4499999999775, 0.9999999999, 0.999999999975, 0.0, 0.99999999995, 0.9999999999666668, 0.99999999995, 0.8333333332916666, 0.9999999999, 0.0, 0.5833333333041666, 0.9999999999, 0.9999999999, 0.99999999998, 0.999999999975, 0.49999999995, 0.8055555555287036, 0.19999999998, 0.0, 0.9999999999, 0.9166666666361112, 0.8055555555287036, 0.0, 0.0, 0.8055555555287036, 0.999999999975, 0.99999999995, 0.8666666666377778, 0.9999999999666668, 0.499999999975, 0.8041666666465626, 0.99999999995, 0.99999999995, 0.999999999975, 0.0, 0.9999999999666668, 0.0], "avg": 0.5972484276392578}, "context_recall": {"raw": [1.0, 0.3333333333333333, 0.6666666666666666, 0.3333333333333333, 0.5, 0.0, 0.0, 0.5, 0.5, 0.2, 0.25, 0.0, 0.5, 0.0, 0.0, 0.6, 0.0, 0.5, 0.0, 0.4, 0.2, 0.6666666666666666, 0.0, 0.0, 0.0, 0.0, 0.0, 0.0, 0.0833333333333333, 0.0, 0.0, 0.0, 0.0, 0.5, 0.7142857142857143, 0.0, 0.0, 0.5, 0.5, 0.0, 0.0, 1.0, 0.0, 0.0, 0.0, 0.0, 1.0, 1.0, 1.0, 1.0, 0.5, 1.0, 0.5, 0.0, 0.6666666666666666, 1.0, 0.3333333333333333, 0.0, 1.0, 1.0, 0.0, 0.0, 1.0, 0.0, 0.5, 0.5, 0.0, 0.0, 0.6666666666666666, 1.0, 1.0, 0.6666666666666666, 0.0, 1.0, 1.0, 0.0, 0.6666666666666666, 0.5, 0.0, 1.0, 0.6666666666666666, 0.0, 0.8333333333333334, 0.3333333333333333, 0.5, 0.0, 0.3333333333333333, 0.0, 0.25, 1.0, 0.5, 0.0, 0.0, 1.0, 1.0, 0.2, 0.0, 0.5, 0.0, 0.0, 0.4, 1.0, 1.0, 1.0, 0.75, 0.0], "avg": 0.3888140161725067}}, "semantic_95": {"faithfulness": {"raw": [0.3333333333333333, 1.0, 0.1666666666666666, 1.0, 0.6666666666666666, 1.0, 0.6666666666666666, 0.9375, 0.1818181818181818, 0.5, 0.6363636363636364, 1.0, 0.9090909090909092, 0.5714285714285714, 0.3636363636363636, 1.0, 1.0, 1.0, 0.1538461538461538, 0.9411764705882352, 0.0, 0.8666666666666667, 0.6666666666666666, 0.1428571428571428, 0.8571428571428571, 0.7272727272727273, 0.3, 0.8571428571428571, 0.9090909090909092, 0.4285714285714285, 0.2857142857142857, 0.5714285714285714, 1.0, 0.1428571428571428, 0.5, 0.6666666666666666, 0.6, 1.0, 0.6, 1.0, 0.6666666666666666, 1.0, 0.9090909090909092, 0.8125, 1.0, 1.0, 0.6666666666666666, 1.0, 1.0, 1.0, 0.75, 0.8333333333333334, 1.0, 0.3333333333333333, 0.8571428571428571, 0.9166666666666666, 1.0, 1.0, 0.1428571428571428, 0.5, 0.8, 1.0, 1.0, 1.0, 0.8571428571428571, 0.5714285714285714, 0.75, 1.0, 0.9090909090909092, 0.8, 0.8, 1.0, 0.0, 1.0, 0.8571428571428571, 1.0, 0.6666666666666666, 1.0, 0.875, 0.3076923076923077, 1.0], "avg": 0.7374406578654945}, "context_precision": {"raw": [0.0, 0.99999999998, 0.0, 0.9999999999, 0.999999999975, 0.0, 0.9999999999666668, 0.9999999999666668, 0.9999999999, 0.999999999975, 0.99999999998, 0.5833333333041666, 0.4166666666458333, 0.99999999995, 0.9999999999, 0.9999999999, 0.8333333332916666, 0.249999999975, 0.0, 0.9999999999, 0.99999999995, 0.9999999999, 0.0, 0.0, 0.0, 0.9999999999, 0.9999999999, 0.99999999998, 0.8333333332916666, 0.0, 0.0, 0.0, 0.9999999999, 0.0, 0.99999999995, 0.49999999995, 0.0, 0.9999999999, 0.699999999965, 0.99999999995, 0.9166666666361112, 0.0, 0.0, 0.0, 0.9999999999, 0.49999999995, 0.9999999999, 0.0, 0.6791666666496875, 0.4777777777618517, 0.8041666666465626, 0.99999999998, 0.0, 0.8333333332916666, 0.8055555555287036, 0.49999999995, 0.99999999995, 0.3333333333, 0.9999999999, 0.999999999975, 0.99999999998, 0.0, 0.49999999995, 0.99999999995, 0.94999999997625, 0.9999999999666668, 0.3333333333, 0.9999999999, 0.0, 0.8041666666465626, 0.99999999998, 0.8055555555287036, 0.0, 0.99999999998, 0.9999999999, 0.6388888888675925, 0.699999999965, 0.9999999999666668, 0.999999999975, 0.9999999999, 0.9999999999666668], "avg": 0.6506001371366094}, "context_recall": {"raw": [0.0, 1.0, 0.6666666666666666, 0.0, 0.6, 0.0, 1.0, 0.5, 0.0, 0.0, 0.25, 1.0, 0.0, 0.5, 0.375, 0.6, 0.4, 0.5, 0.0, 0.6, 0.0, 0.875, 0.0, 0.0, 0.0, 0.5, 0.0, 0.6, 1.0, 0.0, 0.0, 0.0, 0.0, 0.0, 1.0, 1.0, 0.0, 1.0, 0.0, 1.0, 1.0, 0.0, 0.0, 0.0, 0.75, 1.0, 1.0, 0.0, 0.6666666666666666, 1.0, 1.0, 0.6666666666666666, 0.0, 1.0, 1.0, 1.0, 1.0, 1.0, 0.1428571428571428, 1.0, 1.0, 0.0, 0.0, 0.0, 0.75, 0.5, 0.3333333333333333, 1.0, 0.0, 1.0, 1.0, 1.0, 0.0, 1.0, 1.0, 0.4285714285714285, 0.4, 1.0, 0.6, 1.0, 0.75], "avg": 0.5056143445032334}}, "sentence_splitting": {"faithfulness": {"raw": [1.0, 0.5714285714285714, 0.75, 1.0, 0.9230769230769232, 0.3529411764705882, 0.0, 1.0, 0.9565217391304348, 0.6666666666666666, 0.9375, 0.8888888888888888, 0.95, 1.0, 1.0, 0.125, 0.8421052631578947, 0.8529411764705882, 0.6, 1.0, 0.75, 0.5, 1.0, 0.5, 0.6, 0.75, 0.0, 0.0, 0.5454545454545454, 0.4285714285714285, 0.6, 0.75, 1.0, 0.6, 1.0, 0.5714285714285714, 0.6, 0.25, 1.0, 1.0, 0.5, 0.75, 0.6666666666666666, 1.0, 0.0, 0.9, 1.0, 1.0, 0.3333333333333333, 1.0, 1.0, 1.0, 1.0, 1.0, 1.0, 1.0, 1.0, 0.7142857142857143, 0.0, 1.0, 0.0, 1.0, 0.4615384615384615, 1.0, 1.0, 1.0, 1.0, 0.8571428571428571, 1.0, 0.9, 0.9, 0.9285714285714286, 0.4285714285714285, 0.5], "avg": 0.739224795146689},