,method,faithfulness,context_precision,context_recall
0,semantic_50,0.6307408779293089,0.5972484276392578,0.3888140161725067
1,semantic_95,0.7374406578654945,0.6506001371366094,0.5056143445032334
2,sentence_splitting,0.739224795146689,0.7163663663264196,0.5735389235389236
3,fixed_token,0.8053610560234309,0.7016900936708836,0.6006310958118187
